rank,client_hash_id,content_hash_id,action,reason_code,model_score,feb_impressions,feb_clicks,feb_avg_position,march_clicks
1,client_62f4a7e64f5e0096,content_44d284c2ad861171,high_priority_review,visible_with_clicks_and_good_position,477.73565697099,30752.0,220.0,2.545155990125747,324
2,client_62f4a7e64f5e0096,content_c556c7369fb2fd06,high_priority_review,visible_with_clicks_and_good_position,477.73565697099,36689.0,161.0,2.570128649851245,201
3,client_62f4a7e64f5e0096,content_c0389fad914fbf6a,high_priority_review,visible_with_clicks_and_good_position,477.73565697099,38693.0,172.0,2.634123198316496,113
4,client_62f4a7e64f5e0096,content_0bc11e99b6751f55,high_priority_review,visible_with_clicks_and_good_position,477.73565697099,17539.0,77.0,2.6015801270436016,115
5,client_62f4a7e64f5e0096,content_bea890c2cbbe6441,high_priority_review,visible_with_clicks_and_good_position,477.73565697099,16196.0,94.0,2.567399159154789,97
6,client_62f4a7e64f5e0096,content_bfde20b6654f2823,high_priority_review,visible_with_clicks_and_good_position,477.73565697099,19312.0,194.0,2.6027902936376157,175
7,client_62f4a7e64f5e0096,content_cf1bf84ce449b27d,high_priority_review,visible_with_clicks_and_good_position,477.73565697099,15254.0,119.0,2.6491039155196967,128
8,client_62f4a7e64f5e0096,content_819da6d6c68043cb,high_priority_review,visible_with_clicks_and_good_position,477.73565697099,26258.0,214.0,2.602468532023074,169
9,client_62f4a7e64f5e0096,content_73d58f8038e3c431,high_priority_review,visible_with_clicks_and_good_position,477.73565697099,59658.0,88.0,2.620732231522099,90
10,client_62f4a7e64f5e0096,content_96ccda6ff79921ac,high_priority_review,visible_with_clicks_and_good_position,477.73565697099,17454.0,95.0,2.514458560457085,101
11,client_62f4a7e64f5e0096,content_5dc24af7d96d5a92,high_priority_review,visible_with_clicks_and_good_position,477.73565697099,17693.0,217.0,2.591950691415028,238
12,client_62f4a7e64f5e0096,content_040354918a6e87f5,high_priority_review,visible_with_clicks_and_good_position,477.73565697099,20244.0,111.0,2.5428311091714577,132
13,client_62f4a7e64f5e0096,content_24821738e910ae7d,high_priority_review,visible_with_clicks_and_good_position,477.73565697099,41471.0,173.0,2.642501461270642,204
14,client_62f4a7e64f5e0096,content_58720bce07de4271,high_priority_review,visible_with_clicks_and_good_position,477.73565697099,22568.0,240.0,2.530607729145385,146
15,client_62f4a7e64f5e0096,content_a9786874ec1fef9c,high_priority_review,visible_with_clicks_and_good_position,477.73565697099,20537.0,68.0,2.6499821789161624,66
16,client_62f4a7e64f5e0096,content_3af34f71a4f823e5,high_priority_review,visible_with_clicks_and_good_position,302.7872295659602,19084.0,77.0,1.8902938552726325,71
17,client_23a62021009f63c4,content_35408799c8ec687a,high_priority_review,visible_with_clicks_and_good_position,302.7872295659602,19224.0,73.0,1.9928891564302054,65
18,client_62f4a7e64f5e0096,content_064ad7709cd31cb6,high_priority_review,visible_with_clicks_and_good_position,302.7872295659602,25977.0,180.0,1.9623856803304638,140
19,client_62f4a7e64f5e0096,content_626259d4d02a1734,high_priority_review,visible_with_clicks_and_good_position,302.7872295659602,16516.0,128.0,1.7110092637090921,108
20,client_62f4a7e64f5e0096,content_7771b5bf2d406648,high_priority_review,visible_with_clicks_and_good_position,302.7872295659602,33382.0,343.0,1.9321191413033374,285
21,client_62f4a7e64f5e0096,content_337172ae61734532,high_priority_review,visible_with_clicks_and_good_position,302.7872295659602,19492.0,150.0,1.8769306604577125,152
22,client_62f4a7e64f5e0096,content_1e1ae50dc883f62b,high_priority_review,visible_with_clicks_and_good_position,302.7872295659602,23267.0,122.0,1.9029004434934873,96
23,client_62f4a7e64f5e0096,content_50517d3705870b7c,high_priority_review,visible_with_clicks_and_good_position,302.7872295659602,16055.0,154.0,1.824983064152276,115
24,client_62f4a7e64f5e0096,content_365d15cb52216e75,high_priority_review,visible_with_clicks_and_good_position,302.7872295659602,19808.0,70.0,1.9095243906837893,46
25,client_62f4a7e64f5e0096,content_26cf2a75be7959e9,high_priority_review,visible_with_clicks_and_good_position,302.7872295659602,26462.0,68.0,1.7601381919963344,107
26,client_62f4a7e64f5e0096,content_c7202c1e7a6a2a60,high_priority_review,visible_with_clicks_and_good_position,287.3100586039462,17360.0,115.0,2.9670576691237875,163
27,client_62f4a7e64f5e0096,content_e2973b33bcc91ac1,high_priority_review,visible_with_clicks_and_good_position,287.3100586039462,38845.0,189.0,2.843441600081584,202
28,client_62f4a7e64f5e0096,content_0fbe3f5445bec59d,high_priority_review,visible_with_clicks_and_good_position,287.3100586039462,27106.0,359.0,2.9305162008720522,313
29,client_62f4a7e64f5e0096,content_f796e35554af78cf,high_priority_review,visible_with_clicks_and_good_position,287.3100586039462,24067.0,94.0,2.9889891822294494,89
30,client_62f4a7e64f5e0096,content_465d20bc90052258,high_priority_review,visible_with_clicks_and_good_position,287.3100586039462,22309.0,78.0,2.939856974549805,127
31,client_62f4a7e64f5e0096,content_28aa5771662f7787,high_priority_review,visible_with_clicks_and_good_position,287.3100586039462,23653.0,105.0,2.9890064704343815,118
32,client_62f4a7e64f5e0096,content_87e4bde67ef5dea8,high_priority_review,visible_with_clicks_and_good_position,287.3100586039462,21317.0,69.0,2.981915542572754,56
33,client_62f4a7e64f5e0096,content_5dcd9e984ab759e1,high_priority_review,visible_with_clicks_and_good_position,287.3100586039462,28436.0,106.0,2.9653011340846436,126
34,client_62f4a7e64f5e0096,content_f2a8605046b50be1,high_priority_review,visible_with_clicks_and_good_position,287.3100586039462,17652.0,127.0,2.897533030993117,106
35,client_62f4a7e64f5e0096,content_a83f5792f6efaf67,high_priority_review,visible_with_clicks_and_good_position,287.3100586039462,33975.0,214.0,2.8475237729222242,142
36,client_62f4a7e64f5e0096,content_7c0333e1f7146b3b,high_priority_review,visible_with_clicks_and_good_position,287.3100586039462,21893.0,105.0,2.960467867913525,85
37,client_62f4a7e64f5e0096,content_852a287247d92298,high_priority_review,visible_with_clicks_and_good_position,287.3100586039462,20215.0,80.0,2.9248396232176352,74
38,client_62f4a7e64f5e0096,content_57c49b5d9d864c5d,high_priority_review,visible_with_clicks_and_good_position,287.3100586039462,23143.0,130.0,2.8411901802133137,95
39,client_62f4a7e64f5e0096,content_b8fbd1cbfd8f5395,high_priority_review,visible_with_clicks_and_good_position,284.57666095696317,28791.0,113.0,2.00014471970562,137
40,client_62f4a7e64f5e0096,content_1d1b5a860cb50267,high_priority_review,visible_with_clicks_and_good_position,284.57666095696317,23060.0,117.0,2.029023596110391,100
41,client_62f4a7e64f5e0096,content_f6d0b5c9cb1ed4ef,high_priority_review,visible_with_clicks_and_good_position,284.57666095696317,40569.0,234.0,2.062000844249247,200
42,client_62f4a7e64f5e0096,content_e645e57bf945bef4,high_priority_review,visible_with_clicks_and_good_position,284.57666095696317,31956.0,166.0,2.0011014787820427,138
43,client_62f4a7e64f5e0096,content_6bfe0826dfec6c50,high_priority_review,visible_with_clicks_and_good_position,284.57666095696317,18809.0,145.0,1.9949722392549236,159
44,client_62f4a7e64f5e0096,content_9436bbbae5a1b27a,high_priority_review,visible_with_clicks_and_good_position,280.273021817615,32684.0,143.0,4.306208989805985,174
45,client_62f4a7e64f5e0096,content_f77f0a6b435d0561,high_priority_review,visible_with_clicks_and_good_position,280.273021817615,30114.0,96.0,4.238207804348561,54
46,client_62f4a7e64f5e0096,content_409d4ec0bc8279b9,high_priority_review,visible_with_clicks_and_good_position,280.273021817615,16664.0,92.0,4.261357566488884,46
47,client_62f4a7e64f5e0096,content_13c78e35ef6983cd,high_priority_review,visible_with_clicks_and_good_position,280.273021817615,44820.0,212.0,4.315123718648943,210
48,client_62f4a7e64f5e0096,content_31437f55ce7fbe59,high_priority_review,visible_with_clicks_and_good_position,280.273021817615,24791.0,61.0,4.280463990073084,53
49,client_62f4a7e64f5e0096,content_46527695ce9af3cd,high_priority_review,visible_with_clicks_and_good_position,280.273021817615,37423.0,83.0,4.2014695143860825,76
50,client_62f4a7e64f5e0096,content_d473d81819154a8b,high_priority_review,visible_with_clicks_and_good_position,280.273021817615,29942.0,110.0,4.292279082850693,224
51,client_62f4a7e64f5e0096,content_b64fb5a4b3f9b7aa,high_priority_review,visible_with_clicks_and_good_position,280.273021817615,65715.0,125.0,4.242256872169697,102
52,client_62f4a7e64f5e0096,content_4f57c33a82272315,high_priority_review,visible_with_clicks_and_good_position,280.273021817615,24951.0,72.0,4.210400844562217,77
53,client_b10cb2997d0c7c86,content_81374f56bf6d815d,high_priority_review,visible_with_clicks_and_good_position,266.80688042154435,3993.0,70.0,4.927666026086037,33
54,client_62f4a7e64f5e0096,content_f28fad229748fb7a,high_priority_review,visible_with_clicks_and_good_position,262.7521493226843,35977.0,61.0,1.5332090147757877,76
55,client_62f4a7e64f5e0096,content_d63476b67a16d606,high_priority_review,visible_with_clicks_and_good_position,262.7521493226843,57886.0,82.0,1.505250584462171,62
56,client_62f4a7e64f5e0096,content_cacf368529c5c527,high_priority_review,visible_with_clicks_and_good_position,262.7521493226843,63398.0,148.0,1.4648344344975632,123
57,client_62f4a7e64f5e0096,content_969d2a011bb3b00d,high_priority_review,visible_with_clicks_and_good_position,262.7521493226843,20584.0,115.0,1.6024420692005403,83
58,client_62f4a7e64f5e0096,content_5c11716f0bc53e06,high_priority_review,visible_with_clicks_and_good_position,257.0226095419616,28929.0,66.0,1.4035717690370497,102
59,client_62f4a7e64f5e0096,content_c47a6844643204fb,high_priority_review,visible_with_clicks_and_good_position,257.0226095419616,20538.0,205.0,1.3972403756138416,147
60,client_62f4a7e64f5e0096,content_b13e95d379c78818,high_priority_review,visible_with_clicks_and_good_position,254.8408774119729,53344.0,182.0,0.8724217043159461,151
61,client_62f4a7e64f5e0096,content_1eb85de9c101e25b,high_priority_review,visible_with_clicks_and_good_position,253.29114505779876,24039.0,74.0,0.3147070915588252,82
62,client_23a62021009f63c4,content_f29162399032c48d,high_priority_review,visible_with_clicks_and_good_position,225.52979313344468,3814.0,64.0,4.9447779217043575,91
63,client_62f4a7e64f5e0096,content_c3df208cb859c1f3,high_priority_review,visible_with_clicks_and_good_position,213.88481873646546,21309.0,160.0,3.7768905592123003,111
64,client_62f4a7e64f5e0096,content_e5dd70893789107b,high_priority_review,visible_with_clicks_and_good_position,213.88481873646546,51634.0,296.0,3.8745744885313522,257
65,client_62f4a7e64f5e0096,content_1a73b777ba0fccca,high_priority_review,visible_with_clicks_and_good_position,213.88481873646546,23868.0,106.0,3.906767717552023,106
66,client_62f4a7e64f5e0096,content_16e10baff4a5f743,high_priority_review,visible_with_clicks_and_good_position,213.88481873646546,31481.0,81.0,3.7768309838501746,72
67,client_23a62021009f63c4,content_ddd9373c30db5df6,high_priority_review,visible_with_clicks_and_good_position,213.88481873646546,32160.0,285.0,3.8508471400425712,266
68,client_23a62021009f63c4,content_249e9d28a0bb94b0,high_priority_review,visible_with_clicks_and_good_position,213.88481873646546,21839.0,194.0,3.914425285872223,174
69,client_62f4a7e64f5e0096,content_5153c65f382485a9,high_priority_review,visible_with_clicks_and_good_position,213.88481873646546,49584.0,187.0,3.9070008858292327,191
70,client_62f4a7e64f5e0096,content_acbcc847f8996314,high_priority_review,visible_with_clicks_and_good_position,213.88481873646546,148256.0,239.0,3.9078964085855303,262
71,client_62f4a7e64f5e0096,content_ba0d2a28965016f9,high_priority_review,visible_with_clicks_and_good_position,213.88481873646546,39582.0,70.0,3.830779804149833,69
72,client_62f4a7e64f5e0096,content_38bc3b16b0fe4e5e,high_priority_review,visible_with_clicks_and_good_position,213.88481873646546,39503.0,83.0,3.8469754677794747,80
73,client_62f4a7e64f5e0096,content_d6f555d072e070be,high_priority_review,visible_with_clicks_and_good_position,213.88481873646546,27271.0,72.0,3.816494990559611,73
74,client_62f4a7e64f5e0096,content_f61e4a7ec58d9c77,high_priority_review,visible_with_clicks_and_good_position,213.88481873646546,18822.0,65.0,3.7955691376856913,84
75,client_62f4a7e64f5e0096,content_ee5b27bf1bf4a9e6,high_priority_review,visible_with_clicks_and_good_position,213.75894760335672,19765.0,75.0,3.003612258881437,71
76,client_62f4a7e64f5e0096,content_1aa58daeb178c683,high_priority_review,visible_with_clicks_and_good_position,213.75894760335672,18258.0,87.0,3.033885319283852,104
77,client_62f4a7e64f5e0096,content_6b4d5458bf2143b1,high_priority_review,visible_with_clicks_and_good_position,213.75894760335672,36942.0,139.0,3.046986752630629,164
78,client_62f4a7e64f5e0096,content_6478f978b79a1b49,high_priority_review,visible_with_clicks_and_good_position,213.75894760335672,23451.0,147.0,3.0376298404027047,316
79,client_62f4a7e64f5e0096,content_897096a4c55acd6e,high_priority_review,visible_with_clicks_and_good_position,213.75894760335672,16409.0,114.0,3.0294129475468017,140
80,client_62f4a7e64f5e0096,content_b00f107edc801738,high_priority_review,visible_with_clicks_and_good_position,213.7583991260944,24221.0,88.0,4.192947949640507,124
81,client_62f4a7e64f5e0096,content_b6022c54a43fb2e6,high_priority_review,visible_with_clicks_and_good_position,213.7583991260944,17773.0,74.0,4.1654414524824865,59
82,client_62f4a7e64f5e0096,content_c678834a6f40dc34,high_priority_review,visible_with_clicks_and_good_position,213.7583991260944,22096.0,85.0,4.063964287482818,91
83,client_62f4a7e64f5e0096,content_4095b08792b57179,high_priority_review,visible_with_clicks_and_good_position,213.7583991260944,22381.0,65.0,4.1458438352376135,73
84,client_62f4a7e64f5e0096,content_cee7c1d26dbf00ba,high_priority_review,visible_with_clicks_and_good_position,213.7583991260944,19382.0,79.0,4.14260721052531,89
85,client_62f4a7e64f5e0096,content_23d51d1e64ef4838,high_priority_review,visible_with_clicks_and_good_position,213.7583991260944,34846.0,66.0,4.079180042086198,47
86,client_62f4a7e64f5e0096,content_dcbcd17dfc6e4e76,high_priority_review,visible_with_clicks_and_good_position,213.7583991260944,36616.0,70.0,4.0620943183256335,69
87,client_62f4a7e64f5e0096,content_88b57991cd3e3f0f,high_priority_review,visible_with_clicks_and_good_position,213.7583991260944,26478.0,80.0,4.071311433635647,117
88,client_62f4a7e64f5e0096,content_79f06150fb5bb46c,high_priority_review,visible_with_clicks_and_good_position,213.7583991260944,25036.0,109.0,4.191240689550876,127
89,client_62f4a7e64f5e0096,content_3112381826381def,high_priority_review,visible_with_clicks_and_good_position,213.7583991260944,21632.0,67.0,4.143835620620421,48
90,client_23a62021009f63c4,content_2f2c171c95afafb2,high_priority_review,visible_with_clicks_and_good_position,213.7583991260944,19195.0,68.0,4.137418829024736,101
91,client_62f4a7e64f5e0096,content_689f7a02d7252b1e,high_priority_review,visible_with_clicks_and_good_position,213.7583991260944,25736.0,103.0,4.105882772711973,105
92,client_62f4a7e64f5e0096,content_ee10f14ef2fd9ce3,high_priority_review,visible_with_clicks_and_good_position,213.7583991260944,40649.0,71.0,4.1598995000609795,73
93,client_23a62021009f63c4,content_4f2c6db6111f34d3,high_priority_review,visible_with_clicks_and_good_position,211.62147263751137,4606.0,76.0,15.318260043467662,79
94,client_23a62021009f63c4,content_6019186e765c5d6e,high_priority_review,visible_with_clicks_and_good_position,210.53350548292045,4473.0,61.0,12.88204917711988,54
95,client_23a62021009f63c4,content_6c6e9508361b755f,high_priority_review,visible_with_clicks_and_good_position,209.29261596044745,4344.0,87.0,5.405108206267969,92
96,client_23a62021009f63c4,content_138abe69ee5bfd14,high_priority_review,visible_with_clicks_and_good_position,208.5096680223483,4230.0,71.0,11.131853575356098,137
97,client_23a62021009f63c4,content_1175332558bdb3a5,high_priority_review,visible_with_clicks_and_good_position,208.2259506088664,2905.0,81.0,5.8298577928584745,70
98,client_62f4a7e64f5e0096,content_0769febeb565cd4b,high_priority_review,visible_with_clicks_and_good_position,207.70366131852683,23771.0,83.0,4.44956690376755,66
99,client_62f4a7e64f5e0096,content_7d8b8b008e281b1d,high_priority_review,visible_with_clicks_and_good_position,207.70366131852683,36417.0,98.0,4.356785590034383,87
100,client_62f4a7e64f5e0096,content_e58fc4b2ba66e756,high_priority_review,visible_with_clicks_and_good_position,207.70366131852683,20748.0,133.0,4.338326253998089,93
